{"cameraMode":{"drawMode":0,"name":"Shaded","section":"Shading Mode"},"sceneLighting":true,"audioPlay":false,"sceneViewState":{"m_AlwaysRefresh":false,"showFog":true,"showSkybox":true,"showFlares":true,"showImageEffects":true,"showParticleSystems":true,"showVisualEffectGraphs":true,"m_FxEnabled":true},"in2DMode":false,"pivot":{"x":-22.83241844177246,"y":8.622499465942383,"z":-3.304043769836426},"rotation":{"x":0.09192845225334168,"y":0.36327967047691347,"z":-0.036037344485521319,"w":0.9264621734619141},"size":16.768569946289064,"orthographic":true}