{"cameraMode":{"drawMode":0,"name":"Shaded","section":"Shading Mode"},"sceneLighting":true,"audioPlay":false,"sceneViewState":{"showFog":true,"showMaterialUpdate":false,"showSkybox":true,"showFlares":true,"showImageEffects":true,"showParticleSystems":true},"in2DMode":false,"pivot":{"x":-2.5375211238861086,"y":-0.2812221050262451,"z":0.42958760261535647},"rotation":{"x":0.12565042078495027,"y":-0.7050799131393433,"z":0.12918424606323243,"w":0.6858789324760437},"size":1.9432837963104249,"orthographic":false}